term,idf
usage,1.8773052851612013
outils,2.1552311826676176
cadre,2.2360832792967127
public,2.420512318430232
pédagogiques,2.4461547490435693
pédagogique,2.4724720573609433
numérique,2.513294051881198
enjeux,2.5558536662999938
place,2.615572901001616
utilisation,2.6310770875375815
données,2.662825785852162
action,2.746908903062703
innovation,2.7646084801621043
point,2.800976124332979
travail,2.8196682573451315
usages,2.8196682573451315
établissements,2.8196682573451315
nationale,2.838716452315826
entre,2.877937165469107
déploiement,2.9187591599893628
ressources,2.9187591599893628
pratiques,2.939812569187195
recherche,2.939812569187195
solution,2.939812569187195
scolaires,3.005770536978992
research,3.005770536978992
niveau,3.005770536978992
source,3.005770536978992
acteurs,3.028760055203691
cours,3.028760055203691
mise,3.028760055203691
protection,3.028760055203691
scolaire,3.052290552613885
sein,3.052290552613885
peuvent,3.101080716783317
réflexion,3.101080716783317
train,3.101080716783317
classe,3.101080716783317
développement,3.126398524767607
évaluation,3.1523740111708674
permettant,3.1523740111708674
aide,3.1523740111708674
risque,3.1523740111708674
critique,3.179042258253029
certains,3.179042258253029
large,3.179042258253029
prompt,3.2064412324411435
grand,3.2064412324411435
prise,3.2064412324411435
discipline,3.2064412324411435
réponses,3.2064412324411435
culture,3.23461210940784
face,3.23461210940784
international,3.263599646281092
terrain,3.263599646281092
direction,3.263599646281092
questionnaire,3.263599646281092
chatgpt,3.2934526094307732
autour,3.2934526094307732
académique,3.2934526094307732
nécessaire,3.2934526094307732
production,3.2934526094307732
contexte,3.324224268097527
degré,3.324224268097527
lors,3.324224268097527
utiliser,3.324224268097527
europe,3.324224268097527
bien,3.324224268097527
base,3.355972966412107
besoins,3.355972966412107
génératives,3.355972966412107
gestion,3.355972966412107
propose,3.355972966412107
fonctionnement,3.355972966412107
analyse,3.355972966412107
european,3.355972966412107
compétences,3.355972966412107
intégration,3.355972966412107
peu,3.388762789235098
approche,3.388762789235098
éducatif,3.388762789235098
éthique,3.388762789235098
numériques,3.388762789235098
language,3.388762789235098
permettre,3.4226643409107793
science,3.4226643409107793
year,3.4226643409107793
compte,3.4226643409107793
éthiques,3.4226643409107793
projet,3.4226643409107793
aujourd,3.4226643409107793
hui,3.4226643409107793
aujourd hui,3.4226643409107793
cadre usage,3.4226643409107793
également,3.4577556607220497
afin,3.4577556607220497
collective,3.4577556607220497
français,3.4577556607220497
certaines,3.4941233048929243
grande,3.4941233048929243
fait,3.4941233048929243
renforcer,3.4941233048929243
suivi,3.4941233048929243
état,3.4941233048929243
voire,3.4941233048929243
chaque,3.4941233048929243
académiques,3.4941233048929243
stratégie,3.5318636328757713
company,3.5318636328757713
content,3.5318636328757713
éducative,3.5318636328757713
administrative,3.5318636328757713
technique,3.5318636328757713
mise place,3.5318636328757713
ethical,3.5318636328757713
rapport,3.5318636328757713
échelle,3.5318636328757713
apprentissages,3.5318636328757713
académie,3.5318636328757713
act,3.5710843460290524
niveaux,3.5710843460290524
modèle,3.5710843460290524
deux,3.5710843460290524
ministère,3.5710843460290524
continue,3.5710843460290524
set,3.5710843460290524
expert,3.5710843460290524
contenus,3.5710843460290524
académies,3.5710843460290524
risques,3.5710843460290524
permet,3.5710843460290524
accompagnement,3.5710843460290524
conseil,3.6119063405493077
lien,3.6119063405493077
open,3.6119063405493077
code,3.6119063405493077
temp,3.6119063405493077
matière,3.6119063405493077
système,3.6119063405493077
legal,3.6119063405493077
systèmes,3.654465954968104
design,3.654465954968104
accompagner,3.654465954968104
task,3.654465954968104
domaine,3.654465954968104
développer,3.654465954968104
risk,3.654465954968104
accès,3.654465954968104
vers,3.654465954968104
global,3.654465954968104
besoin,3.654465954968104
principle,3.654465954968104
première,3.654465954968104
territoire,3.654465954968104
ensemble,3.654465954968104
objectifs,3.654465954968104
privacy,3.654465954968104
agent,3.6989177175389374
aim,3.6989177175389374
éducatifs,3.6989177175389374
montre,3.6989177175389374
différentes,3.6989177175389374
différents,3.6989177175389374
dimension,3.6989177175389374
discours,3.6989177175389374
social,3.6989177175389374
sous,3.6989177175389374
regard,3.6989177175389374
decision,3.6989177175389374
premier,3.6989177175389374
activités,3.6989177175389374
pilotage,3.6989177175389374
temps,3.6989177175389374
project,3.6989177175389374
time,3.6989177175389374
parcours,3.6989177175389374
évaluer,3.6989177175389374
car,3.6989177175389374
biais,3.6989177175389374
main,3.6989177175389374
gain,3.7454377331738304
rôle,3.7454377331738304
résultats,3.7454377331738304
écoles,3.7454377331738304
nombre,3.7454377331738304
elles,3.7454377331738304
situation,3.7454377331738304
nombreuses,3.7454377331738304
intégrer,3.7454377331738304
alors,3.7454377331738304
éléments,3.7454377331738304
créer,3.7454377331738304
autonomie,3.7454377331738304
vision,3.7454377331738304
help,3.7454377331738304
rapide,3.7454377331738304
user,3.7454377331738304
assistant,3.7454377331738304
value,3.7454377331738304
network,3.7942278973432626
absence,3.7942278973432626
importance,3.7942278973432626
extrait,3.7942278973432626
expérimentations,3.7942278973432626
professionnels,3.7942278973432626
comprendre,3.7942278973432626
technologique,3.7942278973432626
manque,3.7942278973432626
module,3.7942278973432626
gestes,3.7942278973432626
modalités,3.7942278973432626
forte,3.7942278973432626
deep,3.7942278973432626
communauté,3.7942278973432626
observation,3.7942278973432626
strategy,3.7942278973432626
nombreux,3.7942278973432626
court,3.8455211917308127
globale,3.8455211917308127
uvre,3.8455211917308127
paris,3.8455211917308127
demande,3.8455211917308127
instance,3.8455211917308127
publication,3.8455211917308127
fois,3.8455211917308127
regulation,3.8455211917308127
term,3.8455211917308127
compute,3.8455211917308127
guide,3.8455211917308127
choix,3.8455211917308127
toutefois,3.8455211917308127
esprit,3.8455211917308127
capacité,3.8455211917308127
aspect,3.8455211917308127
lycée,3.8455211917308127
major,3.8455211917308127
informatique,3.8455211917308127
power,3.8455211917308127
lead,3.8455211917308127
grâce,3.8455211917308127
diversité,3.8455211917308127
reste,3.8455211917308127
launch,3.8455211917308127
transformation,3.899588413001089
produce,3.899588413001089
fort,3.899588413001089
creation,3.899588413001089
clairement,3.899588413001089
unesco,3.899588413001089
tâches,3.899588413001089
aider,3.899588413001089
framework,3.899588413001089
tant,3.899588413001089
sector,3.899588413001089
mettre,3.899588413001089
transparency,3.899588413001089
exist,3.899588413001089
field,3.899588413001089
investment,3.899588413001089
economic,3.899588413001089
society,3.899588413001089
donnée,3.899588413001089
rgpd,3.899588413001089
instruction,3.899588413001089
destination,3.899588413001089
depuis,3.899588413001089
charge,3.899588413001089
directement,3.899588413001089
relation,3.899588413001089
governance,3.899588413001089
européen,3.899588413001089
personnelles,3.899588413001089
teach,3.899588413001089
voir,3.899588413001089
doivent,3.899588413001089
individual,3.899588413001089
incubateur,3.899588413001089
mathématiques,3.899588413001089
limit,3.899588413001089
administratif,3.9567468268410373
pose,3.9567468268410373
présente,3.9567468268410373
control,3.9567468268410373
termes,3.9567468268410373
mieux,3.9567468268410373
training,3.9567468268410373
général,3.9567468268410373
devoir,3.9567468268410373
recommendation,3.9567468268410373
logique,3.9567468268410373
répondants,3.9567468268410373
inria,3.9567468268410373
nécessite,3.9567468268410373
dès,3.9567468268410373
agit,3.9567468268410373
improve,3.9567468268410373
esprit critique,3.9567468268410373
recent,3.9567468268410373
pouvant,3.9567468268410373
parent,3.9567468268410373
rule,4.017371448657473
potential,4.017371448657473
processing,4.017371448657473
administration,4.017371448657473
rédaction,4.017371448657473
recommandation,4.017371448657473
potentialités,4.017371448657473
inspecteurs,4.017371448657473
inspection,4.017371448657473
format,4.017371448657473
focus,4.017371448657473
champ,4.017371448657473
pay,4.017371448657473
knowledge,4.017371448657473
grand public,4.017371448657473
intégrant,4.017371448657473
fortement,4.017371448657473
synthèse,4.017371448657473
position,4.017371448657473
property,4.017371448657473
appropriation,4.017371448657473
améliorer,4.017371448657473
gestes professionnels,4.017371448657473
générale,4.017371448657473
recours,4.017371448657473
inégalités,4.017371448657473
orientation,4.017371448657473
février,4.017371448657473
offer,4.017371448657473
nouvelles,4.017371448657473
restent,4.017371448657473
soutenir,4.017371448657473
attention,4.017371448657473
essentiel,4.017371448657473
meet,4.017371448657473
vie,4.017371448657473
conclusion,4.017371448657473
canopé,4.081909969795044
intellectual property,4.081909969795044
intellectual,4.081909969795044
fin,4.081909969795044
produire,4.081909969795044
conception,4.081909969795044
trop,4.081909969795044
present,4.081909969795044
projets,4.081909969795044
fund,4.081909969795044
prendre,4.081909969795044
generate,4.081909969795044
université,4.081909969795044
natural,4.081909969795044
dialogue,4.081909969795044
processus,4.081909969795044
people,4.081909969795044
durée,4.081909969795044
identifiés,4.081909969795044
formés,4.081909969795044
ceux,4.081909969795044
modèles,4.081909969795044
utilisés,4.081909969795044
hors,4.081909969795044
celui,4.081909969795044
conséquences,4.081909969795044
high,4.081909969795044
heure,4.081909969795044
lieu,4.081909969795044
output,4.081909969795044
numérique éducatif,4.081909969795044
cadres,4.081909969795044
renforcement,4.081909969795044
actuel,4.081909969795044
faut,4.081909969795044
protect,4.081909969795044
build,4.081909969795044
industrial,4.081909969795044
ecosystem,4.081909969795044
évolution,4.081909969795044
pourtant,4.081909969795044
professionnelle,4.081909969795044
context,4.081909969795044
analysis,4.081909969795044
infrastructure,4.081909969795044
increase,4.081909969795044
concept,4.150902841281995
subject,4.150902841281995
pratique,4.150902841281995
jusqu,4.150902841281995
enseignements,4.150902841281995
enjeu,4.150902841281995
caractère,4.150902841281995
recommend,4.150902841281995
objet,4.150902841281995
skill,4.150902841281995
perception,4.150902841281995
contribute,4.150902841281995
façon,4.150902841281995
likely,4.150902841281995
industry,4.150902841281995
étape,4.150902841281995
territorial,4.150902841281995
traitement,4.150902841281995
mis,4.150902841281995
génération,4.150902841281995
condition,4.150902841281995
scientifiques,4.150902841281995
assistance,4.150902841281995
world,4.150902841281995
classification,4.150902841281995
cnil,4.150902841281995
come,4.150902841281995
complex,4.150902841281995
fraternite,4.150902841281995
opportunités,4.150902841281995
critical,4.150902841281995
réseau,4.150902841281995
création,4.150902841281995
environment,4.150902841281995
janvier,4.150902841281995
nature,4.150902841281995
particulièrement,4.150902841281995
écriture,4.150902841281995
introduction,4.150902841281995
effort,4.150902841281995
vidéo,4.150902841281995
phase,4.150902841281995
enseigner,4.150902841281995
apply,4.150902841281995
professionnelles,4.150902841281995
ocde,4.150902841281995
quels,4.150902841281995
proposition,4.150902841281995
professionnel,4.150902841281995
effect,4.150902841281995
soutien,4.150902841281995
faciliter,4.150902841281995
authority,4.150902841281995
autant,4.150902841281995
langage,4.150902841281995
economy,4.150902841281995
expérimentation,4.150902841281995
long,4.150902841281995
socle,4.225010813435716
extrait questionnaire,4.225010813435716
standard,4.225010813435716
parfois,4.225010813435716
offre,4.225010813435716
système éducatif,4.225010813435716
cognitive,4.225010813435716
curriculum,4.225010813435716
uniquement,4.225010813435716
font,4.225010813435716
plutôt,4.225010813435716
langue,4.225010813435716
piste,4.225010813435716
répondants répondants,4.225010813435716
trois,4.225010813435716
allow,4.225010813435716
exception,4.225010813435716
share,4.225010813435716
nécessité,4.225010813435716
montrent,4.225010813435716
quel,4.225010813435716
quant,4.225010813435716
utilisée,4.225010813435716
efficacité,4.225010813435716
environnemental,4.225010813435716
européenne,4.225010813435716
mar,4.225010813435716
class,4.225010813435716
holmes,4.225010813435716
règlement,4.225010813435716
outils base,4.225010813435716
équitable,4.225010813435716
performance,4.225010813435716
personal,4.225010813435716
recommandations,4.225010813435716
massive,4.225010813435716
expertise,4.225010813435716
toujours,4.225010813435716
maîtrise,4.225010813435716
assessment,4.225010813435716
présentiel,4.225010813435716
moyens,4.225010813435716
adapt,4.225010813435716
administratifs,4.225010813435716
capability,4.225010813435716
enfin,4.225010813435716
tech,4.225010813435716
construction,4.225010813435716
ria,4.225010813435716
effet,4.225010813435716
réelle,4.225010813435716
structure,4.225010813435716
capable,4.225010813435716
developer,4.225010813435716
center,4.225010813435716
drane,4.225010813435716
mise uvre,4.225010813435716
draw,4.225010813435716
intérêt,4.225010813435716
groupe,4.225010813435716
big,4.225010813435716
raise,4.225010813435716
creia,4.225010813435716
compute power,4.225010813435716
indiquent,4.225010813435716
form,4.305053521109253
forme,4.305053521109253
formateurs,4.305053521109253
qualité,4.305053521109253
majorité,4.305053521109253
significant,4.305053521109253
number,4.305053521109253
supérieur,4.305053521109253
ailleurs,4.305053521109253
éducatives,4.305053521109253
répondre,4.305053521109253
combine,4.305053521109253
prise main,4.305053521109253
prise compte,4.305053521109253
particular,4.305053521109253
exemples,4.305053521109253
affect,4.305053521109253
edtech,4.305053521109253
élaboration,4.305053521109253
année,4.305053521109253
préparation,4.305053521109253
response,4.305053521109253
auprès,4.305053521109253
influence,4.305053521109253
result,4.305053521109253
humaines,4.305053521109253
humain,4.305053521109253
vue,4.305053521109253
fundamental,4.305053521109253
communauté éducative,4.305053521109253
coordination,4.305053521109253
responsable,4.305053521109253
inform,4.305053521109253
impulsion,4.305053521109253
advance,4.305053521109253
point vue,4.305053521109253
market,4.305053521109253
centre,4.305053521109253
obligation,4.305053521109253
art,4.305053521109253
direct,4.305053521109253
second,4.305053521109253
tels,4.305053521109253
implication,4.305053521109253
deployment,4.305053521109253
especially,4.305053521109253
environnementaux,4.305053521109253
institution,4.305053521109253
hand,4.305053521109253
observés,4.305053521109253
renforce,4.305053521109253
personnalisation,4.305053521109253
permettent,4.305053521109253
correction,4.305053521109253
simple,4.305053521109253
note,4.305053521109253
hold,4.305053521109253
interaction,4.305053521109253
large language,4.305053521109253
actuellement,4.305053521109253
academic,4.392064898098883
neural,4.392064898098883
déploiement équitable,4.392064898098883
address,4.392064898098883
textes,4.392064898098883
questionnaire territorial,4.392064898098883
notion,4.392064898098883
neural network,4.392064898098883
porter,4.392064898098883
pédagogie,4.392064898098883
impose,4.392064898098883
measure,4.392064898098883
terme,4.392064898098883
requirement,4.392064898098883
lequel,4.392064898098883
consultation,4.392064898098883
connaissances,4.392064898098883
conscience,4.392064898098883
fondamentaux,4.392064898098883
liés,4.392064898098883
transparence,4.392064898098883
invest,4.392064898098883
scientifique,4.392064898098883
contrôle,4.392064898098883
spécifiques,4.392064898098883
venir,4.392064898098883
video,4.392064898098883
conformité,4.392064898098883
humaine,4.392064898098883
administratives,4.392064898098883
adopt,4.392064898098883
conduire,4.392064898098883
attente,4.392064898098883
hors classe,4.392064898098883
natural language,4.392064898098883
currently,4.392064898098883
ère,4.392064898098883
directrice,4.392064898098883
creative,4.392064898098883
collège,4.392064898098883
principe,4.392064898098883
tel,4.392064898098883
maitrise,4.392064898098883
règlement européen,4.392064898098883
directeur,4.392064898098883
libres,4.392064898098883
step,4.392064898098883
réflexions,4.392064898098883
interrogés,4.392064898098883
excellence,4.392064898098883
algorithmes,4.392064898098883
strong,4.392064898098883
parmi,4.392064898098883
compréhension,4.392064898098883
follow,4.392064898098883
mettre place,4.392064898098883
technologiques,4.392064898098883
hallucination,4.392064898098883
prediction,4.392064898098883
enforcement,4.392064898098883
age,4.392064898098883
private,4.392064898098883
learn,4.392064898098883
région,4.392064898098883
seulement,4.392064898098883
entraînement,4.392064898098883
regulatory,4.392064898098883
majoritairement,4.392064898098883
chez,4.392064898098883
group,4.392064898098883
mooc,4.392064898098883
didactiques,4.392064898098883
usage usage,4.392064898098883
largement,4.392064898098883
chef,4.392064898098883
artificielles,4.392064898098883
moment,4.392064898098883
avant,4.392064898098883
évaluations,4.392064898098883
accessible,4.392064898098883
corp,4.4873750779032076
local,4.4873750779032076
egalite,4.4873750779032076
egalite fraternite,4.4873750779032076
nationaux,4.4873750779032076
involve,4.4873750779032076
concern,4.4873750779032076
produit,4.4873750779032076
identifier,4.4873750779032076
employment,4.4873750779032076
bring,4.4873750779032076
fonctionnalités,4.4873750779032076
force,4.4873750779032076
million,4.4873750779032076
progress,4.4873750779032076
corpus,4.4873750779032076
travers,4.4873750779032076
travaux,4.4873750779032076
commune,4.4873750779032076
commun,4.4873750779032076
coopération,4.4873750779032076
creator,4.4873750779032076
court ruling,4.4873750779032076
telle,4.4873750779032076
principaux,4.4873750779032076
expérience,4.4873750779032076
medium,4.4873750779032076
constitue,4.4873750779032076
stage,4.4873750779032076
importe,4.4873750779032076
today,4.4873750779032076
explore,4.4873750779032076
oversight,4.4873750779032076
far,4.4873750779032076
adaptation,4.4873750779032076
déployer,4.4873750779032076
addition,4.4873750779032076
ability,4.4873750779032076
stratégies,4.4873750779032076
strategic,4.4873750779032076
pertinente,4.4873750779032076
pertinents,4.4873750779032076
test,4.4873750779032076
start,4.4873750779032076
donner,4.4873750779032076
données données,4.4873750779032076
décision,4.4873750779032076
reflect,4.4873750779032076
romero,4.4873750779032076
ruling,4.4873750779032076
recognition,4.4873750779032076
recognize,4.4873750779032076
possibilités,4.4873750779032076
foundation,4.4873750779032076
function,4.4873750779032076
émergence,4.4873750779032076
rapidement,4.4873750779032076
algorithmic,4.4873750779032076
créativité,4.4873750779032076
aller,4.4873750779032076
critères,4.4873750779032076
ongoing,4.4873750779032076
write,4.4873750779032076
plusvalue,4.4873750779032076
introduce,4.4873750779032076
positive,4.4873750779032076
method,4.4873750779032076
align,4.4873750779032076
valeurs,4.4873750779032076
utilisent,4.4873750779032076
principalement,4.4873750779032076
gouvernance,4.4873750779032076
precedent,4.4873750779032076
libertés,4.4873750779032076
gtnum,4.4873750779032076
réglementaire,4.4873750779032076
clés,4.4873750779032076
mobilisant,4.4873750779032076
study,4.4873750779032076
celles,4.4873750779032076
cause,4.4873750779032076
growth,4.4873750779032076
groupes,4.4873750779032076
cinq,4.4873750779032076
dgesco,4.4873750779032076
gestion administrative,4.4873750779032076
university,4.4873750779032076
échanges,4.4873750779032076
job,4.4873750779032076
approches,4.4873750779032076
apports,4.4873750779032076
sen,4.4873750779032076
difficulté,4.4873750779032076
apprendre,4.4873750779032076
entraîner,4.4873750779032076
summary,4.4873750779032076
avenir,4.4873750779032076
monde,4.4873750779032076
appuyant,4.4873750779032076
priorité,4.4873750779032076
interest,4.4873750779032076
internationale,4.4873750779032076
faisant,4.4873750779032076
limite,4.4873750779032076
eafc,4.4873750779032076
early,4.4873750779032076
ingénierie,4.4873750779032076
propres,4.4873750779032076
autonomous,4.4873750779032076
étapes,4.4873750779032076
late,4.592735593561034
équité,4.592735593561034
inclusion,4.592735593561034
automatically,4.592735593561034
automate,4.592735593561034
line,4.592735593561034
numérique numérique,4.592735593561034
sociales,4.592735593561034
acculturation,4.592735593561034
fair,4.592735593561034
interroger,4.592735593561034
interact,4.592735593561034
limité,4.592735593561034
potentially,4.592735593561034
langues,4.592735593561034
pourra,4.592735593561034
raison,4.592735593561034
race,4.592735593561034
celle,4.592735593561034
utilisateur,4.592735593561034
utilisant,4.592735593561034
penser,4.592735593561034
groupe travail,4.592735593561034
réel,4.592735593561034
réalité,4.592735593561034
past,4.592735593561034
sujet,4.592735593561034
échelle académique,4.592735593561034
citer,4.592735593561034
jean,4.592735593561034
precedent court,4.592735593561034
encourage,4.592735593561034
générés,4.592735593561034
capacity,4.592735593561034
observées,4.592735593561034
objective,4.592735593561034
pratiques professionnelles,4.592735593561034
juridique,4.592735593561034
certaine,4.592735593561034
universités,4.592735593561034
proposal,4.592735593561034
gdpr,4.592735593561034
particuliers,4.592735593561034
clair,4.592735593561034
opportunité,4.592735593561034
define,4.592735593561034
davantage,4.592735593561034
relationship,4.592735593561034
trust,4.592735593561034
funding,4.592735593561034
permis,4.592735593561034
life,4.592735593561034
legal precedent,4.592735593561034
enquête,4.592735593561034
française,4.592735593561034
freins,4.592735593561034
free,4.592735593561034
march,4.592735593561034
échange,4.592735593561034
youth,4.592735593561034
apparaît,4.592735593561034
cycle,4.592735593561034
culture socle,4.592735593561034
target,4.592735593561034
organiser,4.592735593561034
order,4.592735593561034
opinion,4.592735593561034
evidence,4.592735593561034
complete,4.592735593561034
course,4.592735593561034
utilisé,4.592735593561034
site,4.592735593561034
strengthen,4.592735593561034
history,4.592735593561034
réalisation,4.592735593561034
comprehensive,4.592735593561034
complémentaires,4.592735593561034
quand,4.592735593561034
quality,4.592735593561034
problem,4.592735593561034
security,4.592735593561034
personnes,4.592735593561034
initial,4.592735593561034
emergence,4.592735593561034
egalité,4.592735593561034
nécessaires,4.592735593561034
méthodes,4.592735593561034
liées,4.592735593561034
littératie,4.592735593561034
concerne,4.592735593561034
connaissance,4.592735593561034
invention,4.592735593561034
experiment,4.592735593561034
territoires,4.592735593561034
veille,4.592735593561034
awareness,4.592735593561034
perspective,4.592735593561034
igésr,4.592735593561034
ien,4.592735593561034
nouvelle,4.592735593561034
stade,4.592735593561034
identification,4.592735593561034
confiance,4.592735593561034
constater,4.592735593561034
consensus,4.592735593561034
conseils,4.592735593561034
économique,4.592735593561034
reconnaissance,4.592735593561034
feedback,4.592735593561034
délégué,4.592735593561034
sport,4.592735593561034
incluant,4.592735593561034
perçu,4.592735593561034
lab,4.592735593561034
déclarent,4.592735593561034
début,4.592735593561034
ouverture,4.592735593561034
material,4.592735593561034
porte,4.592735593561034
politiques,4.592735593561034
contre,4.592735593561034
scale,4.592735593561034
savoir,4.592735593561034
facial,4.592735593561034
adapter,4.592735593561034
accord,4.592735593561034
études,4.710518629217417
accessibilité,4.710518629217417
académique numérique,4.710518629217417
évidence,4.710518629217417
établir,4.710518629217417
évolutions,4.710518629217417
nolej,4.710518629217417
sovereignty,4.710518629217417
language processing,4.710518629217417
reform,4.710518629217417
reduce,4.710518629217417
adjoint,4.710518629217417
adaptés,4.710518629217417
predict,4.710518629217417
juste,4.710518629217417
équipe,4.710518629217417
allant,4.710518629217417
learner,4.710518629217417
agency,4.710518629217417
involvement,4.710518629217417
investment compute,4.710518629217417
liberte egalite,4.710518629217417
liberte,4.710518629217417
lettre,4.710518629217417
société,4.710518629217417
décembre,4.710518629217417
rencontrés,4.710518629217417
primaire,4.710518629217417
apparait,4.710518629217417
artistic,4.710518629217417
integrate,4.710518629217417
appui,4.710518629217417
institute,4.710518629217417
inscrit,4.710518629217417
worker,4.710518629217417
word,4.710518629217417
input,4.710518629217417
innovative,4.710518629217417
innovate,4.710518629217417
locale,4.710518629217417
replacer,4.710518629217417
données caractère,4.710518629217417
novembre,4.710518629217417
efficace,4.710518629217417
placer,4.710518629217417
responsibility,4.710518629217417
responsabilité,4.710518629217417
requêtes,4.710518629217417
attract,4.710518629217417
atelier,4.710518629217417
vincent,4.710518629217417
retour,4.710518629217417
authorship,4.710518629217417
perçue,4.710518629217417
pertinentes,4.710518629217417
stance,4.710518629217417
nécessitant,4.710518629217417
protection personnelles,4.710518629217417
begin,4.710518629217417
basés,4.710518629217417
basis,4.710518629217417
loin,4.710518629217417
besoins particuliers,4.710518629217417
highlight,4.710518629217417
majeur,4.710518629217417
maison,4.710518629217417
magistère,4.710518629217417
heure actuelle,4.710518629217417
health,4.710518629217417
perform,4.710518629217417
présentation,4.710518629217417
small,4.710518629217417
significatif,4.710518629217417
disciplinaires,4.710518629217417
centrale,4.710518629217417
usage critique,4.710518629217417
handle,4.710518629217417
générer,4.710518629217417
généraux,4.710518629217417
guideline,4.710518629217417
pensée,4.710518629217417
grant,4.710518629217417
réduire,4.710518629217417
probablement,4.710518629217417
rapid,4.710518629217417
raisonnée,4.710518629217417
quotidien,4.710518629217417
changement,4.710518629217417
chair,4.710518629217417
directrices,4.710518629217417
engagement,4.710518629217417
end,4.710518629217417
différenciation,4.710518629217417
diffusion,4.710518629217417
observer,4.710518629217417
privilégier,4.710518629217417
citoyenneté,4.710518629217417
citizen,4.710518629217417
quiz,4.710518629217417
global governance,4.710518629217417
geste,4.710518629217417
generation,4.710518629217417
union,4.710518629217417
uncertainty,4.710518629217417
choice,4.710518629217417
seul,4.710518629217417
sentiment,4.710518629217417
enter,4.710518629217417
ensuite,4.710518629217417
gap,4.710518629217417
futurs,4.710518629217417
région académique,4.710518629217417
références,4.710518629217417
frein,4.710518629217417
management,4.710518629217417
collectivités,4.710518629217417
communication,4.710518629217417
commitment,4.710518629217417
partage,4.710518629217417
forum,4.710518629217417
réponses réponses,4.710518629217417
réponses répondants,4.710518629217417
entreprises,4.710518629217417
shape,4.710518629217417
suivants,4.710518629217417
transparent,4.710518629217417
competition,4.710518629217417
concevoir,4.710518629217417
traduction,4.710518629217417
professeurs,4.710518629217417
quelques,4.710518629217417
réserve,4.710518629217417
fine,4.710518629217417
conduit,4.710518629217417
sens,4.710518629217417
environnement,4.710518629217417
office,4.710518629217417
toulouse,4.710518629217417
mechanism,4.710518629217417
fact,4.710518629217417
facilitée,4.710518629217417
constate,4.710518629217417
facilitate,4.710518629217417
thématique,4.710518629217417
professional,4.710518629217417
origins,4.710518629217417
push,4.710518629217417
menée,4.710518629217417
corp inspection,4.710518629217417
contribution,4.710518629217417
scolarité,4.710518629217417
scientific,4.710518629217417
ethic,4.710518629217417
essential,4.710518629217417
publiques,4.710518629217417
crucial,4.710518629217417
tableau,4.710518629217417
sénat,4.710518629217417
craintes,4.710518629217417
seconde,4.710518629217417
mind,4.710518629217417
opérateurs,4.710518629217417
optimiser,4.710518629217417
optimisation,4.710518629217417
examens,4.710518629217417
actes gestion,4.710518629217417
actes,4.710518629217417
achieve,4.710518629217417
soulignent,4.710518629217417
souhaite,4.710518629217417
démarche,4.710518629217417
adaptative,4.710518629217417
actuelle,4.710518629217417
activités pédagogiques,4.710518629217417
pouvoir,4.710518629217417
potentiels,4.710518629217417
notably,4.84405002184194
notable,4.84405002184194
abord,4.84405002184194
acteurs terrain,4.84405002184194
tandis,4.84405002184194
evaluation,4.84405002184194
evolve,4.84405002184194
exercise,4.84405002184194
mesure,4.84405002184194
tdm,4.84405002184194
corps,4.84405002184194
ministère supérieur,4.84405002184194
jour,4.84405002184194
juillet,4.84405002184194
juin,4.84405002184194
powerful,4.84405002184194
predictive,4.84405002184194
adjointe,4.84405002184194
justice,4.84405002184194
refers,4.84405002184194
mis place,4.84405002184194
council,4.84405002184194
coût,4.84405002184194
séquence,4.84405002184194
dane,4.84405002184194
puis,4.84405002184194
purely,4.84405002184194
sense,4.84405002184194
agisse,4.84405002184194
issus,4.84405002184194
regulator,4.84405002184194
leader,4.84405002184194
aid,4.84405002184194
allemagne,4.84405002184194
éducatif français,4.84405002184194
allouche,4.84405002184194
énergétique,4.84405002184194
équipements,4.84405002184194
équipes,4.84405002184194
sensibles,4.84405002184194
essentielle,4.84405002184194
contribue,4.84405002184194
expect,4.84405002184194
explain,4.84405002184194
explicite,4.84405002184194
explicitly,4.84405002184194
scientist,4.84405002184194
développés,4.84405002184194
sociale,4.84405002184194
alongside,4.84405002184194
échelon,4.84405002184194
échéant,4.84405002184194
lesquels,4.84405002184194
lettres,4.84405002184194
organization,4.84405002184194
expression,4.84405002184194
origin,4.84405002184194
think,4.84405002184194
écologique,4.84405002184194
analyze,4.84405002184194
politique,4.84405002184194
dédiés,4.84405002184194
préalable,4.84405002184194
pluridisciplinaire,4.84405002184194
point attention,4.84405002184194
prendre compte,4.84405002184194
rendre,4.84405002184194
recteur,4.84405002184194
pôle,4.84405002184194
sais,4.84405002184194
savoirs,4.84405002184194
scenario,4.84405002184194
terre,4.84405002184194
constat,4.84405002184194
constraint,4.84405002184194
progressive,4.84405002184194
oui,4.84405002184194
outcome,4.84405002184194
argument,4.84405002184194
request,4.84405002184194
institutionnel,4.84405002184194
intellectuelle,4.84405002184194
positifs,4.84405002184194
possibilité,4.84405002184194
science vie,4.84405002184194
familles,4.84405002184194
territoriales,4.84405002184194
thématiques,4.84405002184194
feature,4.84405002184194
véritable,4.84405002184194
assess,4.84405002184194
association,4.84405002184194
vocabulaire,4.84405002184194
inria flower,4.84405002184194
inscrire,4.84405002184194
repenser,4.84405002184194
proposées,4.84405002184194
proposés,4.84405002184194
dossier,4.84405002184194
double,4.84405002184194
repose,4.84405002184194
literary,4.84405002184194
initiale,4.84405002184194
vérification,4.84405002184194
vérifier,4.84405002184194
feuille,4.84405002184194
feuille route,4.84405002184194
fiabilité,4.84405002184194
date,4.84405002184194
dedicate,4.84405002184194
definition,4.84405002184194
envisager,4.84405002184194
erreurs,4.84405002184194
audelà,4.84405002184194
pillar,4.84405002184194
liste,4.84405002184194
plume,4.84405002184194
nouveaux,4.84405002184194
médias,4.84405002184194
métiers,4.84405002184194
mobiliser,4.84405002184194
proposer,4.84405002184194
finally,4.84405002184194
finance,4.84405002184194
flower,4.84405002184194
confusion,4.84405002184194
conférence,4.84405002184194
conseil europe,4.84405002184194
automatic,4.84405002184194
automatisation,4.84405002184194
vie terre,4.84405002184194
vigilance,4.84405002184194
vise,4.84405002184194
aucune,4.84405002184194
ownership,4.84405002184194
concernent,4.84405002184194
concrete,4.84405002184194
communs,4.84405002184194
complexe,4.84405002184194
domain,4.84405002184194
priority,4.84405002184194
recent year,4.84405002184194
balance,4.84405002184194
ban,4.84405002184194
loi,4.84405002184194
reason,4.84405002184194
basic,4.84405002184194
necessary,4.84405002184194
element,4.84405002184194
embed,4.84405002184194
emerge,4.84405002184194
short,4.84405002184194
formuler,4.84405002184194
comply,4.84405002184194
demand,4.84405002184194
demonstrate,4.84405002184194
ici,4.84405002184194
iii,4.84405002184194
pertinente car,4.84405002184194
bilan,4.84405002184194
billet,4.84405002184194
version,4.84405002184194
iii intellectual,4.84405002184194
entre discipline,4.84405002184194
entreprise,4.84405002184194
supercomputer,4.84405002184194
supply,4.84405002184194
surveillance,4.84405002184194
forward,4.84405002184194
fournir,4.84405002184194
participative,4.84405002184194
bocquet,4.84405002184194
bonne,4.84405002184194
bonnes,4.84405002184194
utilisation outils,4.84405002184194
règles,4.84405002184194
value chain,4.84405002184194
believe,4.84405002184194
disponibles,4.84405002184194
distribution,4.84405002184194
cadrage,4.84405002184194
calcul,4.84405002184194
haut,4.84405002184194
route,4.84405002184194
lorsqu,4.84405002184194
lorsque,4.84405002184194
permettrait,4.84405002184194
person,4.84405002184194
community,4.84405002184194
trouver,4.84405002184194
turn,4.84405002184194
tutor,4.84405002184194
parce,4.84405002184194
mal,4.84405002184194
cardon,4.84405002184194
update,4.84405002184194
upgrade,4.84405002184194
usage cadre,4.84405002184194
central,4.84405002184194
emotion,4.84405002184194
encadrement,4.84405002184194
mutualisation,4.84405002184194
présentant,4.84405002184194
cohérent,4.84405002184194
régional,4.84405002184194
régional académique,4.84405002184194
réglementation,4.84405002184194
collaboration,4.84405002184194
devient,4.84405002184194
enseigner apprendre,4.84405002184194
septembre,4.84405002184194
servir,4.84405002184194
purpose,4.84405002184194
difficile,4.84405002184194
substantial,4.84405002184194
obligatoire,4.84405002184194
cite,4.84405002184194
giant,4.84405002184194
privilégiée,4.84405002184194
chain,4.84405002184194
great,4.84405002184194
grow,4.84405002184194
past year,4.84405002184194
path,4.84405002184194
pensent,4.84405002184194
enjeux environnementaux,4.84405002184194
disciplinaire,4.84405002184194
champ administratif,4.84405002184194
raisonnement,4.84405002184194
raisonné,4.84405002184194
grand langage,4.84405002184194
grand nombre,4.84405002184194
grandes,4.84405002184194
chargé,4.84405002184194
laurent,4.84405002184194
nouveau,4.84405002184194
sommet,4.84405002184194
advantage,4.84405002184194
souveraineté,4.84405002184194
specialize,4.84405002184194
niveau action,4.84405002184194
soulève,4.84405002184194
développant,4.84405002184194
provision,4.84405002184194
proviseur,4.998200701669198
provider,4.998200701669198
neurones,4.998200701669198
specifically,4.998200701669198
définition,4.998200701669198
advancement,4.998200701669198
adoption,4.998200701669198
regional,4.998200701669198
regime,4.998200701669198
acquisition,4.998200701669198
acquis,4.998200701669198
souligner,4.998200701669198
démocratie,4.998200701669198
délégation,4.998200701669198
sport culture,4.998200701669198
adaptive,4.998200701669198
accountability,4.998200701669198
accompany,4.998200701669198
accompagnée,4.998200701669198
lay,4.998200701669198
launch strategy,4.998200701669198
actively,4.998200701669198
check,4.998200701669198
chat,4.998200701669198
chaque discipline,4.998200701669198
disability,4.998200701669198
engineering,4.998200701669198
engagée,4.998200701669198
public interest,4.998200701669198
guidage,4.998200701669198
guarantee,4.998200701669198
personnaliser,4.998200701669198
pattern,4.998200701669198
patent,4.998200701669198
groupes travail,4.998200701669198
réaliser,4.998200701669198
proactive,4.998200701669198
chacune,4.998200701669198
chefs,4.998200701669198
occasion,4.998200701669198
obtenir,4.998200701669198
observée,4.998200701669198
observé,4.998200701669198
class code,4.998200701669198
citoyens,4.998200701669198
child,4.998200701669198
suivant,4.998200701669198
devoirs,4.998200701669198
depend,4.998200701669198
susceptible,4.998200701669198
gain temps,4.998200701669198
régulation,4.998200701669198
cohérence,4.998200701669198
cognitifs,4.998200701669198
cloud,4.998200701669198
discuss,4.998200701669198
présent,4.998200701669198
moteur recherche,4.998200701669198
emplois,4.998200701669198
stratégiques,4.998200701669198
catégories,4.998200701669198
categorisation,4.998200701669198
clef,4.998200701669198
clear,4.998200701669198
fraude,4.998200701669198
marge,4.998200701669198
manque accompagnement,4.998200701669198
mandate,4.998200701669198
parameter,4.998200701669198
tuomi,4.998200701669198
trustworthy,4.998200701669198
collect,4.998200701669198
robot,4.998200701669198
harm,4.998200701669198
permanent,4.998200701669198
perform task,4.998200701669198
briques,4.998200701669198
distinguer,4.998200701669198
host,4.998200701669198
personnalisé,4.998200701669198
bernard,4.998200701669198
holmes tuomi,4.998200701669198
lycées,4.998200701669198
valeur,4.998200701669198
boost,4.998200701669198
body,4.998200701669198
billet recherche,4.998200701669198
comité,4.998200701669198
participant,4.998200701669198
partenariats,4.998200701669198
partagée,4.998200701669198
réflexions pédagogiques,4.998200701669198
frugal,4.998200701669198
surtout,4.998200701669198
entrée,4.998200701669198
implique,4.998200701669198
risque renforcement,4.998200701669198
review,4.998200701669198
bill,4.998200701669198
bias,4.998200701669198
principaux freins,4.998200701669198
pertinence,4.998200701669198
identifié,4.998200701669198
humanism,4.998200701669198
seuls,4.998200701669198
moteur,4.998200701669198
demain,4.998200701669198
dehors,4.998200701669198
composition,4.998200701669198
complexité,4.998200701669198
répondent,4.998200701669198
répond,4.998200701669198
formative,4.998200701669198
foreign,4.998200701669198
travailler,4.998200701669198
transparency obligation,4.998200701669198
signal,4.998200701669198
protection output,4.998200701669198
protectable,4.998200701669198
documentaire,4.998200701669198
behaviour,4.998200701669198
basées,4.998200701669198
reap,4.998200701669198
read,4.998200701669198
variées,4.998200701669198
philippe,4.998200701669198
ressource,4.998200701669198
incertitude,4.998200701669198
importante,4.998200701669198
priorités,4.998200701669198
avantages,4.998200701669198
vittascience,4.998200701669198
domaines,4.998200701669198
object,4.998200701669198
nécessitent,4.998200701669198
competitive,4.998200701669198
comparaison,4.998200701669198
translation,4.998200701669198
transition,4.998200701669198
concernées,4.998200701669198
compétence,4.998200701669198
paradigm,4.998200701669198
produits,4.998200701669198
fonctions,4.998200701669198
quelles,4.998200701669198
quatre,4.998200701669198
individuel,4.998200701669198
indispensable,4.998200701669198
indique,4.998200701669198
indicate,4.998200701669198
inclusive,4.998200701669198
revanche,4.998200701669198
autonomous vehicle,4.998200701669198
audio,4.998200701669198
verify,4.998200701669198
vehicle,4.998200701669198
conforme,4.998200701669198
révolution,4.998200701669198
réserves,4.998200701669198
réseaux,4.998200701669198
réseau canopé,4.998200701669198
fille,4.998200701669198
confidentialité,4.998200701669198
mobilisation,4.998200701669198
nationale recherche,4.998200701669198
nationale informatique,4.998200701669198
efficacement,4.998200701669198
effervescence,4.998200701669198
research innovation,4.998200701669198
requête,4.998200701669198
informer,4.998200701669198
place rapide,4.998200701669198
pilotage administratif,4.998200701669198
semble,4.998200701669198
octobre,4.998200701669198
degree,4.998200701669198
deepmind,4.998200701669198
deem,4.998200701669198
fiches,4.998200701669198
fiche,4.998200701669198
fiable,4.998200701669198
inria class,4.998200701669198
innovate control,4.998200701669198
lié,4.998200701669198
representation,4.998200701669198
represent,4.998200701669198
durable,4.998200701669198
startup,4.998200701669198
approfondir,4.998200701669198
apportée,4.998200701669198
apporter,4.998200701669198
rentrée,4.998200701669198
renforcée,4.998200701669198
renforcé,4.998200701669198
instant,4.998200701669198
vont,4.998200701669198
voit,4.998200701669198
favoriser,4.998200701669198
favorisant,4.998200701669198
medical,4.998200701669198
topic,4.998200701669198
tne,4.998200701669198
conseiller,4.998200701669198
territoriaux,4.998200701669198
outils peuvent,4.998200701669198
matériel,4.998200701669198
matières,4.998200701669198
master,4.998200701669198
zay,4.998200701669198
youth sport,4.998200701669198
appliquée,4.998200701669198
limites,4.998200701669198
wealth,4.998200701669198
intention,4.998200701669198
représentant,4.998200701669198
reproduire,4.998200701669198
arrivée,4.998200701669198
appuyer,4.998200701669198
terminale,4.998200701669198
tend,4.998200701669198
facial recognition,4.998200701669198
pédagogique numérique,4.998200701669198
thousand,4.998200701669198
thinking,4.998200701669198
legislative,4.998200701669198
recul,4.998200701669198
rectorat,4.998200701669198
intégré,4.998200701669198
intégration pédagogiques,4.998200701669198
issu,4.998200701669198
apport,4.998200701669198
principal,4.998200701669198
prepare,4.998200701669198
prend,4.998200701669198
zay supercomputer,4.998200701669198
préoccupations,4.998200701669198
précise,4.998200701669198
défi,4.998200701669198
dédié,4.998200701669198
décrochage,4.998200701669198
débat,4.998200701669198
dynamique,4.998200701669198
angle,4.998200701669198
analyser,4.998200701669198
écrits,4.998200701669198
écologiques,4.998200701669198
textuelle,4.998200701669198
texts,4.998200701669198
progression,4.998200701669198
profile,4.998200701669198
professionnels incubateur,4.998200701669198
profession,4.998200701669198
mention,4.998200701669198
membres,4.998200701669198
meilleure,4.998200701669198
scénario pédagogique,4.998200701669198
scénario,4.998200701669198
coordination acteurs,4.998200701669198
inégalités accès,4.998200701669198
invite,4.998200701669198
leverage,4.998200701669198
amont,4.998200701669198
ambitious,4.998200701669198
ambition,4.998200701669198
défini,4.998200701669198
societal,4.998200701669198
sociaux,4.998200701669198
convient,4.998200701669198
conversationnels,4.998200701669198
contribuer,4.998200701669198
scrap,4.998200701669198
explanation,4.998200701669198
sécurité,4.998200701669198
sensitive,4.998200701669198
sensibiliser,4.998200701669198
élaborer,4.998200701669198
reinforcement,4.998200701669198
reinforce,4.998200701669198
jean zay,4.998200701669198
jamais,4.998200701669198
public research,4.998200701669198
séance,4.998200701669198
systématique,4.998200701669198
critique face,4.998200701669198
criterion,4.998200701669198
court decision,4.998200701669198
telles,4.998200701669198
existe,4.998200701669198
lack,4.998200701669198
administration centrale,4.998200701669198
additional,4.998200701669198
possibly,4.998200701669198
juridiques,4.998200701669198
judge,4.998200701669198
journal,4.998200701669198
possibles,4.998200701669198
croisement,4.998200701669198
tdm exception,4.998200701669198
ordre,4.998200701669198
exercice,4.998200701669198
evaluate,4.998200701669198
offrir,4.998200701669198
acteur,4.998200701669198
pourraient,4.998200701669198
noter,4.998200701669198
accessibles,4.998200701669198
potentiel,4.998200701669198
établissements déploiement,4.998200701669198
accelerate,4.998200701669198
étude,4.998200701669198
potentiellement,4.998200701669198
éventuellement,5.180522258463153
étudiants,5.180522258463153
établissements pédagogique,5.180522258463153
établissements intégrant,5.180522258463153
account,5.180522258463153
lawsuit,5.180522258463153
lawful,5.180522258463153
langues vivantes,5.180522258463153
region,5.180522258463153
landmark,5.180522258463153
laissant,5.180522258463153
laboratoire,5.180522258463153
jurisprudence,5.180522258463153
jouer,5.180522258463153
remain,5.180522258463153
rely,5.180522258463153
relire,5.180522258463153
relative,5.180522258463153
recommandation replacer,5.180522258463153
legislation,5.180522258463153
legal framework,5.180522258463153
lee,5.180522258463153
lecture,5.180522258463153
relation entre,5.180522258463153
regulation year,5.180522258463153
italie,5.180522258463153
issu questionnaire,5.180522258463153
isolation,5.180522258463153
isabelle,5.180522258463153
ion,5.180522258463153
inégale,5.180522258463153
investment research,5.180522258463153
renforcer gouvernance,5.180522258463153
lever,5.180522258463153
lesquelles,5.180522258463153
lepage,5.180522258463153
renforce besoin,5.180522258463153
rendant,5.180522258463153
remplace,5.180522258463153
inventor,5.180522258463153
inventive,5.180522258463153
intégrés,5.180522258463153
intégrée,5.180522258463153
intégrer données,5.180522258463153
intègrent,5.180522258463153
intervention,5.180522258463153
interrogation,5.180522258463153
interdisciplinaire,5.180522258463153
limoges,5.180522258463153
limités,5.180522258463153
limited,5.180522258463153
lifelong,5.180522258463153
lieu croisement,5.180522258463153
licence,5.180522258463153
interacadémique,5.180522258463153
intent,5.180522258463153
integrity,5.180522258463153
insuffisante,5.180522258463153
institutionnelle niveaux,5.180522258463153
institutionnelle,5.180522258463153
replacer niveau,5.180522258463153
instead,5.180522258463153
inspection dane,5.180522258463153
inspecteurs territoriaux,5.180522258463153
inscrite,5.180522258463153
innovation contribute,5.180522258463153
liée,5.180522258463153
literacy,5.180522258463153
list,5.180522258463153
lisible insuffisante,5.180522258463153
lisible,5.180522258463153
link,5.180522258463153
linguistiques,5.180522258463153
inequality,5.180522258463153
indispensables,5.180522258463153
indiquant,5.180522258463153
retours,5.180522258463153
ressources humaines,5.180522258463153
improve quality,5.180522258463153
look,5.180522258463153
recherche documentaire,5.180522258463153
recent regulation,5.180522258463153
logiciels,5.180522258463153
logic,5.180522258463153
locaux,5.180522258463153
risque confusion,5.180522258463153
rgpd ria,5.180522258463153
reçue,5.180522258463153
reçu,5.180522258463153
imaginer,5.180522258463153
identifiée,5.180522258463153
iagén,5.180522258463153
iag,5.180522258463153
humanity,5.180522258463153
hub,5.180522258463153
histoire,5.180522258463153
higuera,5.180522258463153
règlementation,5.180522258463153
main outils,5.180522258463153
légal,5.180522258463153
luxembourg,5.180522258463153
lucide,5.180522258463153
lose,5.180522258463153
run,5.180522258463153
robust,5.180522258463153
healthcare,5.180522258463153
haut risque,5.180522258463153
générées,5.180522258463153
générée,5.180522258463153
générations,5.180522258463153
gtnum scol,5.180522258463153
ground,5.180522258463153
réels,5.180522258463153
réalisés,5.180522258463153
réalisé,5.180522258463153
govern,5.180522258463153
questionnés,5.180522258463153
questionner,5.180522258463153
majority,5.180522258463153
major economic,5.180522258463153
gouvernance participative,5.180522258463153
globale faisant,5.180522258463153
genre,5.180522258463153
garantissant,5.180522258463153
ganascia,5.180522258463153
gain temp,5.180522258463153
futur,5.180522258463153
référent,5.180522258463153
réfléchir,5.180522258463153
fuel,5.180522258463153
freins pratiques,5.180522258463153
marc,5.180522258463153
manuels,5.180522258463153
manque outils,5.180522258463153
manipulation,5.180522258463153
man uvre,5.180522258463153
man,5.180522258463153
fraternite cadre,5.180522258463153
fournies,5.180522258463153
fournie,5.180522258463153
foster,5.180522258463153
république,5.180522258463153
répondu,5.180522258463153
répondants majorité,5.180522258463153
régulier,5.180522258463153
formulation,5.180522258463153
forment,5.180522258463153
fonctionne,5.180522258463153
safeguard,5.180522258463153
questionnaire montre,5.180522258463153
marqué,5.180522258463153
market share,5.180522258463153
marge man,5.180522258463153
réunion,5.180522258463153
rétroaction,5.180522258463153
résumé,5.180522258463153
firm,5.180522258463153
fei,5.180522258463153
february,5.180522258463153
meaningful,5.180522258463153
meaning,5.180522258463153
mathematical,5.180522258463153
math,5.180522258463153
questionnaires,5.180522258463153
fausses,5.180522258463153
fall,5.180522258463153
faites,5.180522258463153
faisant lieu,5.180522258463153
faible,5.180522258463153
facilité,5.180522258463153
sandrine,5.180522258463153
sanction,5.180522258463153
sait,5.180522258463153
saisies,5.180522258463153
facebook,5.180522258463153
eye,5.180522258463153
périmètre,5.180522258463153
pédagogique évaluation,5.180522258463153
menj,5.180522258463153
meilleur,5.180522258463153
extrait issu,5.180522258463153
expérimentations encadrées,5.180522258463153
expriment,5.180522258463153
explorer,5.180522258463153
exploitation,5.180522258463153
explique,5.180522258463153
scénarisation,5.180522258463153
scol,5.180522258463153
explicitement,5.180522258463153
experience,5.180522258463153
existence,5.180522258463153
secure,5.180522258463153
secrétaire,5.180522258463153
scénarisation pédagogique,5.180522258463153
existants,5.180522258463153
existantes,5.180522258463153
mining,5.180522258463153
miao,5.180522258463153
met,5.180522258463153
mesurer,5.180522258463153
message,5.180522258463153
exerciseurs,5.180522258463153
examples,5.180522258463153
examen,5.180522258463153
estiment,5.180522258463153
essentiellement,5.180522258463153
espoirs,5.180522258463153
sensibilisation,5.180522258463153
publish,5.180522258463153
publication annuelle,5.180522258463153
modalité,5.180522258463153
mises,5.180522258463153
semblent,5.180522258463153
selection,5.180522258463153
sein scolaires,5.180522258463153
sein nationale,5.180522258463153
erwan paitel,5.180522258463153
erwan,5.180522258463153
ergonomie,5.180522258463153
equality,5.180522258463153
environmental,5.180522258463153
entry,5.180522258463153
seule,5.180522258463153
mot,5.180522258463153
montreuil,5.180522258463153
monitor,5.180522258463153
modèle données,5.180522258463153
modernisation,5.180522258463153
modalités évaluation,5.180522258463153
serve,5.180522258463153
sequence,5.180522258463153
september,5.180522258463153
entire,5.180522258463153
enseignantes,5.180522258463153
enseignan,5.180522258463153
enormous,5.180522258463153
enjeux outils,5.180522258463153
enforcement action,5.180522258463153
encourager,5.180522258463153
prévu,5.180522258463153
présents,5.180522258463153
présentiel établissements,5.180522258463153
multimodal,5.180522258463153
moyenne,5.180522258463153
motivation,5.180522258463153
encadrés,5.180522258463153
encadrées,5.180522258463153
emplois temp,5.180522258463153
emphasis,5.180522258463153
emparent,5.180522258463153
smes,5.180522258463153
single,5.180522258463153
simulation,5.180522258463153
similar,5.180522258463153
short term,5.180522258463153
ement,5.180522258463153
naturel,5.180522258463153
nationales,5.180522258463153
métier,5.180522258463153
médiacentre,5.180522258463153
mécanismes,5.180522258463153
efficacité pédagogique,5.180522258463153
effets,5.180522258463153
effervescence institutionnelle,5.180522258463153
economy society,5.180522258463153
solidarity,5.180522258463153
economic social,5.180522258463153
ease,5.180522258463153
développé,5.180522258463153
développer éthique,5.180522258463153
précédemment,5.180522258463153
précisant,5.180522258463153
proviseure,5.180522258463153
protégées,5.180522258463153
nicolas,5.180522258463153
neutre,5.180522258463153
développe,5.180522258463153
détection,5.180522258463153
détecter,5.180522258463153
déploiement pédagogiques,5.180522258463153
déplacements,5.180522258463153
sound,5.180522258463153
soulèvent,5.180522258463153
souligne,5.180522258463153
sorte,5.180522258463153
sommet action,5.180522258463153
département,5.180522258463153
démocratique,5.180522258463153
défis,5.180522258463153
nourrir,5.180522258463153
niveaux risque,5.180522258463153
speech,5.180522258463153
sovereign,5.180522258463153
souverains,5.180522258463153
sous forme,5.180522258463153
sous angle,5.180522258463153
définis,5.180522258463153
définir,5.180522258463153
début année,5.180522258463153
drive,5.180522258463153
doyen,5.180522258463153
données protégées,5.180522258463153
données entraînement,5.180522258463153
donné,5.180522258463153
statistical,5.180522258463153
startups,5.180522258463153
prosperity,5.180522258463153
prospective,5.180522258463153
propre,5.180522258463153
proposé,5.180522258463153
nuance,5.180522258463153
november,5.180522258463153
spécifiquement,5.180522258463153
spécifique,5.180522258463153
spécialisation,5.180522258463153
spur,5.180522258463153
spread,5.180522258463153
dominique,5.180522258463153
domains,5.180522258463153
documentation,5.180522258463153
numérique ère,5.180522258463153
protection authority,5.180522258463153
diversity,5.180522258463153
distingue,5.180522258463153
dispersés,5.180522258463153
dispersées,5.180522258463153
dispersée,5.180522258463153
discours commun,5.180522258463153
strike,5.180522258463153
strict,5.180522258463153
stratégie privilégié,5.180522258463153
steer,5.180522258463153
statute,5.180522258463153
statistiques,5.180522258463153
directeurs,5.180522258463153
différencier,5.180522258463153
différemment,5.180522258463153
difficultés,5.180522258463153
difficulty,5.180522258463153
obsolescence,5.180522258463153
objectifs public,5.180522258463153
difficult,5.180522258463153
suivantes,5.180522258463153
subordonnés scénarisation,5.180522258463153
subordonnés,5.180522258463153
structuration,5.180522258463153
didactique,5.180522258463153
diagram,5.180522258463153
devoir maison,5.180522258463153
deuxième,5.180522258463153
supervision,5.180522258463153
supervise,5.180522258463153
suivie,5.180522258463153
degré degré,5.180522258463153
property code,5.180522258463153
promotion,5.180522258463153
offre peu,5.180522258463153
offertes,5.180522258463153
decision affect,5.180522258463153
database,5.180522258463153
dasen,5.180522258463153
sélection,5.180522258463153
sécurisation,5.180522258463153
systémique,5.180522258463153
systematically,5.180522258463153
suscite,5.180522258463153
dartmouth,5.180522258463153
daily,5.180522258463153
cédric,5.180522258463153
current,5.180522258463153
cultural,5.180522258463153
créent,5.180522258463153
tax,5.180522258463153
option,5.180522258463153
opportunité démocratie,5.180522258463153
openness,5.180522258463153
offres,5.180522258463153
tant point,5.180522258463153
séquences,5.180522258463153
critique usage,5.180522258463153
critical thinking,5.180522258463153
credit,5.180522258463153
creativity,5.180522258463153
creative choice,5.180522258463153
team,5.180522258463153
teaching,5.180522258463153
teach assistant,5.180522258463153
corps inspection,5.180522258463153
conversational,5.180522258463153
conversation,5.180522258463153
convene,5.180522258463153
originality,5.180522258463153
orienter,5.180522258463153
contraintes,5.180522258463153
continent,5.180522258463153
contexte effervescence,5.180522258463153
thrive,5.180522258463153
thanks,5.180522258463153
consulter,5.180522258463153
overall,5.180522258463153
ouverte,5.180522258463153
outils usage,5.180522258463153
outils risque,5.180522258463153
outils grand,5.180522258463153
oudeyer,5.180522258463153
construire,5.180522258463153
constats,5.180522258463153
consommation,5.180522258463153
consolider,5.180522258463153
conserver,5.180522258463153
conseillère,5.180522258463153
traditional,5.180522258463153
tort,5.180522258463153
tier,5.180522258463153
conformes,5.180522258463153
conduisent,5.180522258463153
conduisant,5.180522258463153
trajectoire,5.180522258463153
paper,5.180522258463153
paitel,5.180522258463153
product,5.180522258463153
proches,5.180522258463153
pair,5.180522258463153
computational,5.180522258463153
comptes,5.180522258463153
compris,5.180522258463153
comprendre fonctionnement,5.180522258463153
troisième,5.180522258463153
transversale,5.180522258463153
complet,5.180522258463153
compare,5.180522258463153
come year,5.180522258463153
collèges,5.180522258463153
collin,5.180522258463153
partenariat,5.180522258463153
partager,5.180522258463153
parallèle,5.180522258463153
parallel,5.180522258463153
tutoriels,5.180522258463153
turn point,5.180522258463153
turing,5.180522258463153
trouvent,5.180522258463153
trouve,5.180522258463153
college,5.180522258463153
collaborative,5.180522258463153
coin,5.180522258463153
close,5.180522258463153
clef globale,5.180522258463153
pro,5.180522258463153
privilégié réflexions,5.180522258463153
privilégié,5.180522258463153
partnership,5.180522258463153
partiellement,5.180522258463153
participative scolaire,5.180522258463153
classical,5.180522258463153
clarté,5.180522258463153
claire,5.180522258463153
claim,5.180522258463153
cité,5.180522258463153
united,5.180522258463153
unique,5.180522258463153
unesco ocde,5.180522258463153
circonscription,5.180522258463153
choose,5.180522258463153
chercheurs,5.180522258463153
cheffe,5.180522258463153
chatbots,5.180522258463153
chaine,5.180522258463153
pedagogical,5.180522258463153
paul,5.180522258463153
passage,5.180522258463153
pascal,5.180522258463153
centrées,5.180522258463153
usage pertinents,5.180522258463153
usage permettant,5.180522258463153
usage outils,5.180522258463153
usage classe,5.180522258463153
université numérique,5.180522258463153
capture,5.180522258463153
capacités,5.180522258463153
utilisateurs,5.180522258463153
usages pertinents,5.180522258463153
usagers,5.180522258463153
usage sein,5.180522258463153
usage possibles,5.180522258463153
personalise,5.180522258463153
campus,5.180522258463153
calculation,5.180522258463153
cadre juridique,5.180522258463153
bénéficient,5.180522258463153
business,5.180522258463153
bulletin,5.180522258463153
building,5.180522258463153
broad,5.180522258463153
bord,5.180522258463153
bon,5.180522258463153
blanc,5.180522258463153
biometric,5.180522258463153
bibliothèque numérique,5.180522258463153
bibliothèque,5.180522258463153
principales,5.180522258463153
principale,5.180522258463153
personnelles sensibles,5.180522258463153
personne,5.180522258463153
besoin regard,5.180522258463153
versailles,5.180522258463153
veiller,5.180522258463153
vaswani,5.180522258463153
variety,5.180522258463153
base restent,5.180522258463153
banque,5.180522258463153
azur,5.180522258463153
philosophie,5.180522258463153
phase strategy,5.180522258463153
peu lisible,5.180522258463153
perçues,5.180522258463153
prioritaire,5.180522258463153
violation,5.180522258463153
violate,5.180522258463153
vincent montreuil,5.180522258463153
vigueur,5.180522258463153
autorités académiques,5.180522258463153
autorités,5.180522258463153
autorisé,5.180522258463153
autorisation,5.180522258463153
plupart,5.180522258463153
pleinement,5.180522258463153
play,5.180522258463153
place groupes,5.180522258463153
place groupe,5.180522258463153
pix,5.180522258463153
piste usage,5.180522258463153
pioneer,5.180522258463153
aucun,5.180522258463153
attribute,5.180522258463153
attente forte,5.180522258463153
attendus,5.180522258463153
ation,5.180522258463153
associés,5.180522258463153
associées,5.180522258463153
voies,5.180522258463153
vivantes,5.180522258463153
assert,5.180522258463153
arxiv arxiv,5.180522258463153
arxiv,5.180522258463153
workforce,5.180522258463153
weaken,5.180522258463153
appréhender,5.180522258463153
approfondie,5.180522258463153
apports recherche,5.180522258463153
pressure,5.180522258463153
presentation,5.180522258463153
point vigilance,5.180522258463153
applicable,5.180522258463153
appellent,5.180522258463153
appear,5.180522258463153
apparition,5.180522258463153
anticipation,5.180522258463153
portée,5.180522258463153
porté,5.180522258463153
portion,5.180522258463153
portfolio,5.180522258463153
ponctuels,5.180522258463153
politiques publiques,5.180522258463153
political,5.180522258463153
années,5.180522258463153
annuelle,5.180522258463153
annual,5.180522258463153
announce,5.180522258463153
annoncé,5.180522258463153
animation,5.180522258463153
écrit,5.180522258463153
écosystème,5.180522258463153
échelles,5.180522258463153
échelle stratégie,5.180522258463153
amélioration,5.180522258463153
amend,5.180522258463153
aller loin,5.180522258463153
élaborée,5.180522258463153
alexandre,5.180522258463153
ahead,5.180522258463153
agir,5.180522258463153
afin permettre,5.180522258463153
practical,5.180522258463153
posture,5.180522258463153
énergie,5.180522258463153
émerger,5.180522258463153
éléments pédagogique,5.180522258463153
éléa,5.180522258463153
adopter,5.180522258463153
administrative court,5.180522258463153
adaptées,5.180522258463153
adapté,5.180522258463153
adaptant,5.180522258463153
activité,5.180522258463153
action clef,5.180522258463153
abordant,5.180522258463153
premières,5.180522258463153
première étape,5.180522258463153
acteurs nationaux,5.180522258463153
acteurs nationale,5.180522258463153
acquérir,5.180522258463153
évoque,5.180522258463153
accessibles grand,5.180522258463153
évoquée,5.403665809777363
évolue,5.403665809777363
éviter,5.403665809777363
évaluation évaluation,5.403665809777363
évaluation pédagogique,5.403665809777363
académiques renforcée,5.403665809777363
académique différentes,5.403665809777363
académique académique,5.403665809777363
académies visitées,5.403665809777363
académie lycée,5.403665809777363
abroad,5.403665809777363
aborde,5.403665809777363
pourront,5.403665809777363
pourquoi,5.403665809777363
pou,5.403665809777363
potentiels risques,5.403665809777363
potentielle mieux,5.403665809777363
potentielle,5.403665809777363
prenant,5.403665809777363
première expérience,5.403665809777363
poste,5.403665809777363
possibility,5.403665809777363
positif,5.403665809777363
pose alors,5.403665809777363
portées,5.403665809777363
portfolio gtnum,5.403665809777363
porteuse,5.403665809777363
porteurs,5.403665809777363
porteur,5.403665809777363
pool,5.403665809777363
previous,5.403665809777363
prevention,5.403665809777363
prevent,5.403665809777363
president,5.403665809777363
presence,5.403665809777363
prendre charge,5.403665809777363
prend charge,5.403665809777363
point chatgpt,5.403665809777363
pleine,5.403665809777363
plateformes,5.403665809777363
planification,5.403665809777363
place scolaires,5.403665809777363
piste travail,5.403665809777363
pilote,5.403665809777363
pierre,5.403665809777363
picture,5.403665809777363
peuvent utiliser,5.403665809777363
peuvent choix,5.403665809777363
peu porteurs,5.403665809777363
perçus,5.403665809777363
priorité donnée,5.403665809777363
prioritaires,5.403665809777363
prior,5.403665809777363
principle innovation,5.403665809777363
principales ressource,5.403665809777363
pertinent,5.403665809777363
personnalisation apprentissages,5.403665809777363
personalize,5.403665809777363
personalised,5.403665809777363
permettre territoire,5.403665809777363
permett,5.403665809777363
passe,5.403665809777363
passant,5.403665809777363
pass,5.403665809777363
privés,5.403665809777363
privilégiant,5.403665809777363
privacy principle,5.403665809777363
prise charge,5.403665809777363
particulière,5.403665809777363
participate,5.403665809777363
partenaires,5.403665809777363
partagé,5.403665809777363
paris toulouse,5.403665809777363
parcours mooc,5.403665809777363
paradox,5.403665809777363
professeure,5.403665809777363
produire guidage,5.403665809777363
procédés,5.403665809777363
processing nlp,5.403665809777363
problème,5.403665809777363
pace,5.403665809777363
oversee,5.403665809777363
ouyang jiao,5.403665809777363
ouyang,5.403665809777363
ouvre,5.403665809777363
ouvrant,5.403665809777363
ouverts parent,5.403665809777363
ouverts,5.403665809777363
ouvert,5.403665809777363
outputs,5.403665809777363
output protect,5.403665809777363
outils usages,5.403665809777363
outils permettant,5.403665809777363
outils outils,5.403665809777363
outils lien,5.403665809777363
outcomes,5.403665809777363
profond,5.403665809777363
profils,5.403665809777363
profil,5.403665809777363
professionnelle outils,5.403665809777363
oublier,5.403665809777363
origins foundation,5.403665809777363
orientation vers,5.403665809777363
organisée,5.403665809777363
oral,5.403665809777363
opérationnel,5.403665809777363
optimisée,5.403665809777363
optimiser gestion,5.403665809777363
opinion aide,5.403665809777363
operate,5.403665809777363
proposition feuille,5.403665809777363
proposition cadre,5.403665809777363
propose feuille,5.403665809777363
proper,5.403665809777363
prompt enter,5.403665809777363
prompt contexte,5.403665809777363
officiels,5.403665809777363
october,5.403665809777363
obtenus,5.403665809777363
obstacle,5.403665809777363
obsolescence rapide,5.403665809777363
observe,5.403665809777363
observation terrain,5.403665809777363
observation montrent,5.403665809777363
objectiver,5.403665809777363
négatifs,5.403665809777363
négatif,5.403665809777363
nécessité cohérent,5.403665809777363
nécessitent réflexion,5.403665809777363
nécessitant pédagogique,5.403665809777363
néanmoins,5.403665809777363
numérique pédagogique,5.403665809777363
protéger,5.403665809777363
protection rgpd,5.403665809777363
propriété,5.403665809777363
numérique ministère,5.403665809777363
numérique génératives,5.403665809777363
numérique bibliothèque,5.403665809777363
numérique appliquée,5.403665809777363
novel,5.403665809777363
norm,5.403665809777363
nlp,5.403665809777363
niveau permettrait,5.403665809777363
prédictive,5.403665809777363
précis,5.403665809777363
près,5.403665809777363
proviseure adjointe,5.403665809777363
provider user,5.403665809777363
nice,5.403665809777363
near,5.403665809777363
natural person,5.403665809777363
nationaux met,5.403665809777363
nationale alors,5.403665809777363
nantes,5.403665809777363
mémoriser,5.403665809777363
médiacentre fonctionnalités,5.403665809777363
mène,5.403665809777363
mutualisation usage,5.403665809777363
public authority,5.403665809777363
prévention,5.403665809777363
présentée,5.403665809777363
présenter,5.403665809777363
présence,5.403665809777363
prérogatives,5.403665809777363
musicale,5.403665809777363
music,5.403665809777363
moyen,5.403665809777363
mouvements,5.403665809777363
moodle,5.403665809777363
mooc inria,5.403665809777363
montreuil alice,5.403665809777363
moitié,5.403665809777363
modèle économique,5.403665809777363
module creia,5.403665809777363
modalités accès,5.403665809777363
pursue,5.403665809777363
puissent,5.403665809777363
publié,5.403665809777363
publish concretely,5.403665809777363
publication cadre,5.403665809777363
public sous,5.403665809777363
public sector,5.403665809777363
public investment,5.403665809777363
mobilisées,5.403665809777363
minorité,5.403665809777363
minoritaires,5.403665809777363
milieu,5.403665809777363
miao holmes,5.403665809777363
mettent,5.403665809777363
met place,5.403665809777363
qualifie,5.403665809777363
pédagogiques équipe,5.403665809777363
pédagogiques réponses,5.403665809777363
pédagogique éthique,5.403665809777363
pédagogique établissements,5.403665809777363
pédagogique réels,5.403665809777363
pédagogique pédagogiques,5.403665809777363
pédagogique déploiement,5.403665809777363
mere,5.403665809777363
menées,5.403665809777363
mené,5.403665809777363
mentor,5.403665809777363
mentionné,5.403665809777363
mccarthy,5.403665809777363
maîtriser,5.403665809777363
maximum,5.403665809777363
maternelle,5.403665809777363
mastery,5.403665809777363
questionnaire usage,5.403665809777363
quantity,5.403665809777363
qualifie parfois,5.403665809777363
massif,5.403665809777363
masse,5.403665809777363
mark,5.403665809777363
margarida romero,5.403665809777363
margarida,5.403665809777363
marceau,5.403665809777363
manque temp,5.403665809777363
manque risque,5.403665809777363
manque manque,5.403665809777363
manner,5.403665809777363
manipuler,5.403665809777363
mal peu,5.403665809777363
maker,5.403665809777363
raise awareness,5.403665809777363
questionnement,5.403665809777363
majorité répondants,5.403665809777363
majoritaire,5.403665809777363
majeurs,5.403665809777363
maintien,5.403665809777363
main line,5.403665809777363
mai,5.403665809777363
légale,5.403665809777363
lycéens,5.403665809777363
lutte contre,5.403665809777363
lutte,5.403665809777363
recherche innovation,5.403665809777363
recherche enjeux,5.403665809777363
receive,5.403665809777363
realize major,5.403665809777363
realize,5.403665809777363
realistic,5.403665809777363
real,5.403665809777363
rate,5.403665809777363
loi informatique,5.403665809777363
location,5.403665809777363
llama,5.403665809777363
liés données,5.403665809777363
little,5.403665809777363
literary artistic,5.403665809777363
limiter,5.403665809777363
light,5.403665809777363
lieux,5.403665809777363
liberté pédagogique,5.403665809777363
liberté,5.403665809777363
liability,5.403665809777363
lexique,5.403665809777363
levier,5.403665809777363
let,5.403665809777363
recourir,5.403665809777363
recommande,5.403665809777363
recommandation sein,5.403665809777363
recherche juillet,5.403665809777363
legally,5.403665809777363
legal basis,5.403665809777363
leadership,5.403665809777363
layer,5.403665809777363
large corpus,5.403665809777363
language arxiv,5.403665809777363
regardless,5.403665809777363
regard expert,5.403665809777363
regard critique,5.403665809777363
refine,5.403665809777363
refer,5.403665809777363
reduction,5.403665809777363
redirect,5.403665809777363
land,5.403665809777363
lancé,5.403665809777363
lalilo,5.403665809777363
lag,5.403665809777363
laboratoires,5.403665809777363
label,5.403665809777363
know,5.403665809777363
khosravi,5.403665809777363
kasneci,5.403665809777363
julien,5.403665809777363
judicial,5.403665809777363
journées,5.403665809777363
journée,5.403665809777363
john mccarthy,5.403665809777363
rely openness,5.403665809777363
relia,5.403665809777363
relevance,5.403665809777363
reims,5.403665809777363
john,5.403665809777363
jiao,5.403665809777363
jeunesse,5.403665809777363
jeunes,5.403665809777363
january,5.403665809777363
inégalité,5.403665809777363
invités,5.403665809777363
investissements avenir,5.403665809777363
investissements,5.403665809777363
inventorship,5.403665809777363
renforcer inclusion,5.403665809777363
renforcement scolaires,5.403665809777363
renforce importance,5.403665809777363
rendus,5.403665809777363
rendu,5.403665809777363
rend,5.403665809777363
remise,5.403665809777363
intérieur,5.403665809777363
intéresse,5.403665809777363
intégrables,5.403665809777363
international fund,5.403665809777363
interface,5.403665809777363
interdisciplinary,5.403665809777363
interactives,5.403665809777363
interacadémique élaborée,5.403665809777363
insérer,5.403665809777363
représentations,5.403665809777363
reproduction,5.403665809777363
reproduce,5.403665809777363
renoncer,5.403665809777363
instal,5.403665809777363
inspecteurs pilotage,5.403665809777363
inscrivent,5.403665809777363
inscrite travail,5.403665809777363
innovative solution,5.403665809777363
innovation recherche,5.403665809777363
initiation,5.403665809777363
inhibition,5.403665809777363
ingénierie pédagogique,5.403665809777363
ressenti,5.403665809777363
responsibility principle,5.403665809777363
response time,5.403665809777363
response prompt,5.403665809777363
responsables,5.403665809777363
research lab,5.403665809777363
research economics,5.403665809777363
infringe,5.403665809777363
informatique cnil,5.403665809777363
inform decision,5.403665809777363
infographie,5.403665809777363
inevitably,5.403665809777363
indépendante,5.403665809777363
individuels,5.403665809777363
individuelle,5.403665809777363
indicateurs,5.403665809777363
independently,5.403665809777363
incorrect,5.403665809777363
inclure,5.403665809777363
retrouve,5.403665809777363
rethink,5.403665809777363
retention,5.403665809777363
retenir,5.403665809777363
restreint,5.403665809777363
ressources libres,5.403665809777363
ressource servir,5.403665809777363
incentives,5.403665809777363
impulsion sein,5.403665809777363
importantes,5.403665809777363
impliquer,5.403665809777363
impliquant,5.403665809777363
implication industry,5.403665809777363
risquent appauvrir,5.403665809777363
risquent,5.403665809777363
rise,5.403665809777363
revolutionize sector,5.403665809777363
revolutionize,5.403665809777363
impensé,5.403665809777363
immediately,5.403665809777363
immediate,5.403665809777363
igésr opérateurs,5.403665809777363
ifs,5.403665809777363
idf,5.403665809777363
identifiés encadrés,5.403665809777363
identifient,5.403665809777363
idea,5.403665809777363
hybride,5.403665809777363
humans,5.403665809777363
humanism deployment,5.403665809777363
hui clairement,5.403665809777363
hour,5.403665809777363
horizon,5.403665809777363
hire,5.403665809777363
higuera bocquet,5.403665809777363
règlementation européenne,5.403665809777363
règlement général,5.403665809777363
rythme,5.403665809777363
risques accompagnement,5.403665809777363
heart,5.403665809777363
head,5.403665809777363
généré,5.403665809777363
générale générale,5.403665809777363
guide politiques,5.403665809777363
guidage usage,5.403665809777363
guadeloupe,5.403665809777363
grâce systématique,5.403665809777363
grenoble,5.403665809777363
réflexion pédagogiques,5.403665809777363
réflexion pédagogique,5.403665809777363
réels nécessitant,5.403665809777363
réellement,5.403665809777363
réduit,5.403665809777363
réalités,5.403665809777363
grands,5.403665809777363
grand lexique,5.403665809777363
gpai,5.403665809777363
governance regulation,5.403665809777363
gouvernance trop,5.403665809777363
glossaire,5.403665809777363
global tech,5.403665809777363
generally,5.403665809777363
garçons,5.403665809777363
garantissent,5.403665809777363
gar,5.403665809777363
gans,5.403665809777363
réglementaires,5.403665809777363
référentiels,5.403665809777363
référence,5.403665809777363
réflexive,5.403665809777363
fun,5.403665809777363
fully,5.403665809777363
fréquente réponses,5.403665809777363
fréquente,5.403665809777363
freely,5.403665809777363
freedom,5.403665809777363
françois,5.403665809777363
fracture,5.403665809777363
fournis,5.403665809777363
fort risques,5.403665809777363
répétitives,5.403665809777363
répondants fréquente,5.403665809777363
répondants déclarent,5.403665809777363
fort cadre,5.403665809777363
formée,5.403665809777363
formé,5.403665809777363
formes,5.403665809777363
formateur,5.403665809777363
formaliser,5.403665809777363
formalisation,5.403665809777363
force constater,5.403665809777363
font objet,5.403665809777363
font aujourd,5.403665809777363
fondé,5.403665809777363
fondamentaux cycle,5.403665809777363
fonctionnement prompt,5.403665809777363
réunions,5.403665809777363
résolution,5.403665809777363
résistance,5.403665809777363
réside,5.403665809777363
réserves éthiques,5.403665809777363
flow,5.403665809777363
flashcard,5.403665809777363
firstly,5.403665809777363
finalités,5.403665809777363
finale,5.403665809777363
fialaire,5.403665809777363
fcpe,5.403665809777363
favorable,5.403665809777363
favor,5.403665809777363
false,5.403665809777363
faits,5.403665809777363
scale economic,5.403665809777363
savoirs fondamentaux,5.403665809777363
saurait,5.403665809777363
saisine,5.403665809777363
sais extrait,5.403665809777363
faciliter rapide,5.403665809777363
facilitent,5.403665809777363
facilement,5.403665809777363
face outils,5.403665809777363
fabric,5.403665809777363
extract,5.403665809777363
expérimenté,5.403665809777363
expérimentations interacadémique,5.403665809777363
expériences,5.403665809777363
expressly,5.403665809777363
exploration,5.403665809777363
exploit,5.403665809777363
scrutiny,5.403665809777363
scribe,5.403665809777363
scolaires administratif,5.403665809777363
scientifiques technique,5.403665809777363
explicit,5.403665809777363
explainability,5.403665809777363
expert contenus,5.403665809777363
experimentation,5.403665809777363
expand,5.403665809777363
sein lors,5.403665809777363
sein discipline,5.403665809777363
sein conseil,5.403665809777363
secrétaire général,5.403665809777363
secondly,5.403665809777363
seconde technologique,5.403665809777363
secondaire,5.403665809777363
second phase,5.403665809777363
exist regulation,5.403665809777363
exhaustive,5.403665809777363
exerciseur,5.403665809777363
exercices,5.403665809777363
executive,5.403665809777363
excessive,5.403665809777363
examination,5.403665809777363
examens fin,5.403665809777363
exam,5.403665809777363
evolution,5.403665809777363
européen européenne,5.403665809777363
european value,5.403665809777363
european union,5.403665809777363
estonie,5.403665809777363
estime,5.403665809777363
establishment,5.403665809777363
essay,5.403665809777363
sensor,5.403665809777363
sensibilisés,5.403665809777363
sensibiliser enjeux,5.403665809777363
semantic,5.403665809777363
espaces,5.403665809777363
espace,5.403665809777363
erronés,5.403665809777363
equity,5.403665809777363
equip,5.403665809777363
envisagent,5.403665809777363
environ,5.403665809777363
entrée privilégiée,5.403665809777363
entrust,5.403665809777363
entraînement modèles,5.403665809777363
entrainement,5.403665809777363
entity,5.403665809777363
seules,5.403665809777363
settle,5.403665809777363
set precedent,5.403665809777363
ensemble acteurs,5.403665809777363
enseignante,5.403665809777363
enjeux politiques,5.403665809777363
enjeux didactiques,5.403665809777363
enjeux administratifs,5.403665809777363
engineer,5.403665809777363
engine,5.403665809777363
engagé,5.403665809777363
enfants,5.403665809777363
energy,5.403665809777363
encouragés,5.403665809777363
encadrés inégalités,5.403665809777363
encadré,5.403665809777363
encadrer,5.403665809777363
empower,5.403665809777363
small medium,5.403665809777363
site edugar,5.403665809777363
emmanuel,5.403665809777363
emblée,5.403665809777363
elles peuvent,5.403665809777363
effondrement,5.403665809777363
efficaces,5.403665809777363
effectiveness,5.403665809777363
edugar principales,5.403665809777363
edugar,5.403665809777363
economics,5.403665809777363
solution edtech,5.403665809777363
solidarity mechanism,5.403665809777363
socle gestes,5.403665809777363
social potential,5.403665809777363
social gain,5.403665809777363
social dialogue,5.403665809777363
economic worrying,5.403665809777363
economic fabric,5.403665809777363
earlier,5.403665809777363
désormais,5.403665809777363
dérouler,5.403665809777363
déployés,5.403665809777363
déployées,5.403665809777363
déployée,5.403665809777363
déployé,5.403665809777363
déployer coordonnée,5.403665809777363
déploient,5.403665809777363
déploiement établissements,5.403665809777363
déploiement présentiel,5.403665809777363
source inria,5.403665809777363
souligné,5.403665809777363
soulevés,5.403665809777363
solution nolej,5.403665809777363
départemental,5.403665809777363
déontologiques,5.403665809777363
démocratiques,5.403665809777363
délégué régional,5.403665809777363
délégué données,5.403665809777363
délégué académique,5.403665809777363
déléguer,5.403665809777363
délégation académique,5.403665809777363
définitions,5.403665809777363
specialist,5.403665809777363
soutien innovation,5.403665809777363
soutenu,5.403665809777363
définissant,5.403665809777363
définies,5.403665809777363
décrire,5.403665809777363
décideurs,5.403665809777363
début expérimentation,5.403665809777363
dès degré,5.403665809777363
durée économique,5.403665809777363
durables,5.403665809777363
dropout,5.403665809777363
droits,5.403665809777363
droit,5.403665809777363
drawing,5.403665809777363
données intégrer,5.403665809777363
données développement,5.403665809777363
donnent,5.403665809777363
donne,5.403665809777363
stable,5.403665809777363
sport recherche,5.403665809777363
domination,5.403665809777363
doctoral,5.403665809777363
diverse,5.403665809777363
distinguish,5.403665809777363
distance,5.403665809777363
disruption,5.403665809777363
disposer,5.403665809777363
disposent,5.403665809777363
disponibilité,5.403665809777363
dispersés potentialités,5.403665809777363
disinformation,5.403665809777363
discrimination,5.403665809777363
discours clair,5.403665809777363
strategic priority,5.403665809777363
statistique,5.403665809777363
discipline sein,5.403665809777363
discipline scolaires,5.403665809777363
discipline scientifiques,5.403665809777363
disciplinaires mutualisation,5.403665809777363
directly,5.403665809777363
directive,5.403665809777363
direction inspecteurs,5.403665809777363
dimension nationale,5.403665809777363
différentes expérimentations,5.403665809777363
suggestion,5.403665809777363
succès,5.403665809777363
stéréotypes,5.403665809777363
style format,5.403665809777363
style,5.403665809777363
structuré,5.403665809777363
structurer,5.403665809777363
difficilement,5.403665809777363
didactiques discipline,5.403665809777363
dicte,5.403665809777363
dialogue gestion,5.403665809777363
devise,5.403665809777363
devenir,5.403665809777363
devant,5.403665809777363
determine,5.403665809777363
detection,5.403665809777363
destiné,5.403665809777363
destination cadre,5.403665809777363
despite,5.403665809777363
dernières,5.403665809777363
depp,5.403665809777363
susceptibles,5.403665809777363
supérieur numérique,5.403665809777363
summarise,5.403665809777363
denis,5.403665809777363
democracy,5.403665809777363
demandée,5.403665809777363
demander,5.403665809777363
delivery,5.403665809777363
deliver,5.403665809777363
degré grâce,5.403665809777363
defense,5.403665809777363
decade,5.403665809777363
deal,5.403665809777363
day,5.403665809777363
databases,5.403665809777363
sécuriser,5.403665809777363
sécurisant,5.403665809777363
séance observée,5.403665809777363
systématique échelle,5.403665809777363
dartmouth college,5.403665809777363
danger,5.403665809777363
dane disciplinaires,5.403665809777363
damage,5.403665809777363
daily life,5.403665809777363
côté,5.403665809777363
curriculum pluridisciplinaire,5.403665809777363
curriculum long,5.403665809777363
curriculum destination,5.403665809777363
cun,5.403665809777363
culture european,5.403665809777363
csp,5.403665809777363
crée,5.403665809777363
créatif,5.403665809777363
croisant,5.403665809777363
task automatically,5.403665809777363
tableau bord,5.403665809777363
séquences pédagogiques,5.403665809777363
critique utilisation,5.403665809777363
creative contribution,5.403665809777363
creative content,5.403665809777363
couvre,5.403665809777363
court terme,5.403665809777363
cours outils,5.403665809777363
cour,5.403665809777363
council europe,5.403665809777363
corriger,5.403665809777363
correspondent,5.403665809777363
temp manque,5.403665809777363
tell,5.403665809777363
tech company,5.403665809777363
teach assessment,5.403665809777363
correspondant,5.403665809777363
correspond,5.403665809777363
correction humaine,5.403665809777363
coordonnée,5.403665809777363
coordonner,5.403665809777363
conçu,5.403665809777363
conversely,5.403665809777363
conversationnel,5.403665809777363
convaincantes,5.403665809777363
controversy,5.403665809777363
contribute collective,5.403665809777363
contribuant,5.403665809777363
term coin,5.403665809777363
tentatives,5.403665809777363
tenant compte,5.403665809777363
tenant,5.403665809777363
temp temps,5.403665809777363
contrairement,5.403665809777363
contradiction,5.403665809777363
continuously,5.403665809777363
continuer,5.403665809777363
continue eafc,5.403665809777363
contextual,5.403665809777363
contexte sein,5.403665809777363
thème,5.403665809777363
thierry,5.403665809777363
theme,5.403665809777363
tester,5.403665809777363
contain,5.403665809777363
conséquent,5.403665809777363
conséquence,5.403665809777363
construction discours,5.403665809777363
constrain,5.403665809777363
constatés,5.403665809777363
constaté,5.403665809777363
consistent,5.403665809777363
considérées,5.403665809777363
considérer,5.403665809777363
consequently,5.403665809777363
consequence,5.403665809777363
consent,5.403665809777363
consensus beijing,5.403665809777363
conseillé,5.403665809777363
traditionnelles,5.403665809777363
tradition,5.403665809777363
trace,5.403665809777363
tomorrow,5.403665809777363
tient,5.403665809777363
conseil administration,5.403665809777363
connues,5.403665809777363
connection,5.403665809777363
conformité données,5.403665809777363
conformer,5.403665809777363
confidentielles,5.403665809777363
confidentialité données,5.403665809777363
confabulation,5.403665809777363
conduire changement,5.403665809777363
concretely perform,5.403665809777363
concretely,5.403665809777363
translate,5.403665809777363
transform,5.403665809777363
traitement statistique,5.403665809777363
traitement bilan,5.403665809777363
training module,5.403665809777363
trained,5.403665809777363
concertation,5.403665809777363
concentrer,5.403665809777363
concentrate,5.403665809777363
compétences démocratique,5.403665809777363
compétences compétences,5.403665809777363
comprise,5.403665809777363
comprendre enjeux,5.403665809777363
comportements,5.403665809777363
comply privacy,5.403665809777363
compliance,5.403665809777363
travaille,5.403665809777363
travail maison,5.403665809777363
travail hors,5.403665809777363
travail depp,5.403665809777363
travail charge,5.403665809777363
travail annuel,5.403665809777363
complementary,5.403665809777363
compete,5.403665809777363
compatibles,5.403665809777363
company secondly,5.403665809777363
communauté réflexion,5.403665809777363
commercial,5.403665809777363
commencé,5.403665809777363
collin marceau,5.403665809777363
tâches répétitives,5.403665809777363
tâches rédaction,5.403665809777363
tâche,5.403665809777363
true,5.403665809777363
collectively,5.403665809777363
collective project,5.403665809777363
collective enjeux,5.403665809777363
collectifs,5.403665809777363
collectif,5.403665809777363
collaborate,5.403665809777363
cognitives,5.403665809777363
cnrs,5.403665809777363
classe usage,5.403665809777363
clarify,5.403665809777363
clairement acteurs,5.403665809777363
citées,5.403665809777363
city,5.403665809777363
citoyenneté numérique,5.403665809777363
unicef,5.403665809777363
unesco unesco,5.403665809777363
unesco relia,5.403665809777363
underpin,5.403665809777363
underlie,5.403665809777363
unauthorized,5.403665809777363
uestion,5.403665809777363
choix didactiques,5.403665809777363
chez cadre,5.403665809777363
chef inspecteurs,5.403665809777363
chatgpt origins,5.403665809777363
chatbot,5.403665809777363
charte,5.403665809777363
charge produire,5.403665809777363
chance,5.403665809777363
champ champ,5.403665809777363
certains outils,5.403665809777363
usage permettre,5.403665809777363
usage mal,5.403665809777363
usage culture,5.403665809777363
usage conduire,5.403665809777363
usage artificielles,5.403665809777363
catégorie,5.403665809777363
category,5.403665809777363
cartographier,5.403665809777363
carefully,5.403665809777363
car elles,5.403665809777363
capital,5.403665809777363
utile,5.403665809777363
usages hors,5.403665809777363
usager,5.403665809777363
usage usages,5.403665809777363
usage risquent,5.403665809777363
usage questionnaire,5.403665809777363
canada,5.403665809777363
cadre usages,5.403665809777363
cadre travaux,5.403665809777363
cadre publication,5.403665809777363
cadre protection,5.403665809777363
cadre culture,5.403665809777363
cadre cadre,5.403665809777363
bénéficier,5.403665809777363
bénéfices,5.403665809777363
bureau soutien,5.403665809777363
bureau,5.403665809777363
budgétaire,5.403665809777363
uvres,5.403665809777363
utilisées,5.403665809777363
utilisation professionnelle,5.403665809777363
utilisation classe,5.403665809777363
breakthrough,5.403665809777363
bout chaine,5.403665809777363
bout,5.403665809777363
bonnes pratiques,5.403665809777363
bolster,5.403665809777363
boa sorte,5.403665809777363
boa,5.403665809777363
bibliographie,5.403665809777363
biais hallucination,5.403665809777363
besoin rapide,5.403665809777363
bert,5.403665809777363
belong,5.403665809777363
beijing,5.403665809777363
behavior,5.403665809777363
beaucoup,5.403665809777363
basé,5.403665809777363
basic definition,5.403665809777363
veillant,5.403665809777363
variable,5.403665809777363
basculer,5.403665809777363
baron,5.403665809777363
background,5.403665809777363
awareness train,5.403665809777363
avoid,5.403665809777363
avis,5.403665809777363
avenir public,5.403665809777363
visées,5.403665809777363
visual,5.403665809777363
visités,5.403665809777363
visitées,5.403665809777363
visites,5.403665809777363
villani,5.403665809777363
avancées,5.403665809777363
autour outils,5.403665809777363
autorisée,5.403665809777363
autonome,5.403665809777363
automatiquement,5.403665809777363
automatique,5.403665809777363
automatically artistic,5.403665809777363
authorization,5.403665809777363
auteur,5.403665809777363
aurélie,5.403665809777363
augmenter,5.403665809777363
attention protection,5.403665809777363
attentes,5.403665809777363
attendu,5.403665809777363
atteinte,5.403665809777363
véronique,5.403665809777363
volume,5.403665809777363
volkwein,5.403665809777363
voix,5.403665809777363
voie,5.403665809777363
association afia,5.403665809777363
associate,5.403665809777363
associant,5.403665809777363
assez,5.403665809777363
assert responsibility,5.403665809777363
artistique,5.403665809777363
artistic revolutionize,5.403665809777363
window,5.403665809777363
wikipedia,5.403665809777363
widely,5.403665809777363
wide,5.403665809777363
weigh,5.403665809777363
webinaires,5.403665809777363
weakness europe,5.403665809777363
weakness,5.403665809777363
weak,5.403665809777363
wave,5.403665809777363
articuler,5.403665809777363
art prompt,5.403665809777363
arnaud,5.403665809777363
après,5.403665809777363
approximately,5.403665809777363
approche transversale,5.403665809777363
apprennent depp,5.403665809777363
apprennent,5.403665809777363
apprendre portfolio,5.403665809777363
apprend,5.403665809777363
ère numérique,5.403665809777363
zone,5.403665809777363
worrying weakness,5.403665809777363
worrying,5.403665809777363
world organization,5.403665809777363
appels,5.403665809777363
appauvrir,5.403665809777363
août,5.403665809777363
annuelle dgesco,5.403665809777363
annuel,5.403665809777363
annonce,5.403665809777363
anne,5.403665809777363
anglais,5.403665809777363
analytics,5.403665809777363
analysées durée,5.403665809777363
analysées,5.403665809777363
analyse corp,5.403665809777363
écrite,5.403665809777363
économique pédagogique,5.403665809777363
économie,5.403665809777363
écoles académiques,5.403665809777363
échelle établissements,5.403665809777363
amène,5.403665809777363
amplifier,5.403665809777363
aléatoire,5.403665809777363
allocation,5.403665809777363
allocate,5.403665809777363
élaborée igésr,5.403665809777363
élaboration numérique,5.403665809777363
égalité,5.403665809777363
éducateurs,5.403665809777363
édition,5.403665809777363
éditeur,5.403665809777363
alimenter,5.403665809777363
alice volkwein,5.403665809777363
alice,5.403665809777363
algorithmic decision,5.403665809777363
algorithme,5.403665809777363
ajustement,5.403665809777363
aim humanism,5.403665809777363
aider mieux,5.403665809777363
aide potentielle,5.403665809777363
agreement,5.403665809777363
agent conversationnels,5.403665809777363
agent conversationnel,5.403665809777363
équipements éthique,5.403665809777363
équipement,5.403665809777363
équipe pédagogique,5.403665809777363
éparpillée,5.403665809777363
émergent,5.403665809777363
élément,5.403665809777363
afia,5.403665809777363
affiner,5.403665809777363
adversarial,5.403665809777363
administration usage,5.403665809777363
additionally,5.403665809777363
adapter besoins,5.403665809777363
adaptatives,5.403665809777363
actuels,5.403665809777363
acteurs niveau,5.403665809777363
accéder,5.403665809777363
accès médiacentre,5.403665809777363
accrue,5.403665809777363
éthique données,5.403665809777363
état numérique,5.403665809777363
éric,5.403665809777363
équipes pédagogiques,5.403665809777363
accorder,5.403665809777363
accompagnement manque,5.403665809777363
accompagnement fort,5.403665809777363
acceptation,5.403665809777363
